Inventory ,,,,,,,,,,,,,,,,,,
System Name,IP Address,System Status,Product Type,Product SubType,Product ID,Product Model,Serial Number,Serial Number (Logical),Asset Tag,Memory Size (KB),ROM Version,Operating System Name,Operating System Vendor,Server Role,Location,System Owner,System Boot Up Time,Number Of CPU
dg-enc05,,Normal,Enclosure,Server Enclosure,507019-B21,BladeSystem c7000 Enclosure G2,USE147L8TR,,,,,,,,,,,
dg-enc05_vc_domain,,Unknown,Virtual Connect Domain,HP BladeSystem c-Class,,HP Virtual Connect Domain,,,,,,,,,,,,
dg-enc05-oa1,172.20.0.213,Normal,Management Processor,Onboard Administrator,507019-B21,BladeSystem c7000 DDR2 Onboard Administrator with KVM,OB18BP2064,,,,,Embedded,HP,,Acxiom -Downers Grov,Wintel Team,,
dg-enc05-oa2,172.20.0.214,Normal,Management Processor,Onboard Administrator,507019-B21,HP Onboard Administrator,OB1ABP0332,,,,,Embedded,HP,,Acxiom -Downers Grov,Wintel Team,,
dg-enc05-vc1,172.20.0.215,Normal,Switch,HP BladeSystem c-Class,571956-B21,HP VC FlexFabric 10Gb/24-Port Module,TW21440038,,,,,,,,BU40:dg-enc05:Bay 1,,,
dg-enc05-vc2,172.20.0.216,Normal,Switch,HP BladeSystem c-Class,571956-B21,HP VC FlexFabric 10Gb/24-Port Module,TW2144003F,,,,,,,,BU40:dg-enc05:Bay 2,,,
dg-enc05-vc3,172.20.0.217,Normal,Switch,HP BladeSystem c-Class,571956-B21,HP VC FlexFabric 10Gb/24-Port Module,TW21430094,,,,,,,,BU40:dg-enc05:Bay 3,,,
dg-enc05-vc4,172.20.0.218,Normal,Switch,HP BladeSystem c-Class,571956-B21,HP VC FlexFabric 10Gb/24-Port Module,3C432700PS,,,,,,,,BU40:dg-enc05:Bay 4,,,
dg-esxi-001,10.77.150.231,Major,Server,VMware ESX Host,603718-B21,ProLiant BL460c G7,USE147L8V8,,not set,,,VMware ESXi 5.0.0 build-1918656,VMware,,,not set,"Friday, 8/7/2015, 12:31 PM CDT",24
dg-esxi-002,10.77.150.232,Major,Server,VMware ESX Host,603718-B21,ProLiant BL460c G7,USE147L8V1,,not set,,,VMware ESXi 5.0.0 build-515841,VMware,,,not set,"Thursday, 5/16/2013, 10:38 AM CDT",24
dg-esxi-002_spsvcs001.cw.cccis.com,,Unknown,Server,Virtual Machine Guest,,,,,,,,Other 2.6.x Linux (64-bit),,,,,,
dg-esxi-003,10.77.150.233,Major,Server,VMware ESX Host,603718-B21,ProLiant BL460c G7,USE147L8V7,,not set,,,VMware ESXi 5.0.0 build-515841,VMware,,,not set,"Tuesday, 5/10/2011, 6:31 PM CDT",24
dg-esxi-004,10.77.150.234,Major,Server,VMware ESX Host,603718-B21,ProLiant BL460c G7,USE147L8TV,,not set,,,VMware ESXi 5.0.0 build-1918656,VMware,,,not set,"Thursday, 8/6/2015, 4:13 PM CDT",24
dg-esxi-004_cmdc10,,Unknown,Server,Virtual Machine Guest,,,,,,,,Microsoft Windows Server 2008 R2 (64-bit),,,,,,
dg-esxi-004_cmdc20,,Unknown,Server,Virtual Machine Guest,,,,,,,,Microsoft Windows Server 2008 R2 (64-bit),,,,,,
dg-esxi-004_cmdc40,,Unknown,Server,Virtual Machine Guest,,,,,,,,Microsoft Windows Server 2008 R2 (64-bit),,,,,,
dg-esxi-004_dhcp001pa,,Unknown,Server,Virtual Machine Guest,,,,,,,,Microsoft Windows Server 2008 R2 (64-bit),,,,,,
dg-esxi-004_smdc10,,Unknown,Server,Virtual Machine Guest,,,,,,,,Microsoft Windows Server 2008 R2 (64-bit),,,,,,
dg-esxi-004_smdc20,,Unknown,Server,Virtual Machine Guest,,,,,,,,Microsoft Windows Server 2008 R2 (64-bit),,,,,,
dg-esxi-005,10.77.150.235,Major,Server,VMware ESX Host,603718-B21,ProLiant BL460c G7,USE147L8V6,,not set,,,VMware ESXi 5.0.0 build-1918656,VMware,,,not set,"Thursday, 9/10/2015, 12:51 PM CDT",24
dg-esxi-005_dgcd61,,Unknown,Server,Virtual Machine Guest,,,,,,,,Microsoft Windows Server 2003 (32-bit),,,,,,
dg-esxi-005_dgpa12ax,,Unknown,Server,Virtual Machine Guest,,,,,,,,Microsoft Windows 2000,,,,,,
dg-esxi-006,10.77.150.236,Major,Server,VMware ESX Host,603718-B21,ProLiant BL460c G7,USE147L8V9,,not set,,,VMware ESXi 5.0.0 build-1918656,VMware,,,not set,"Thursday, 9/10/2015, 2:57 PM CDT",24
dg-esxi-007,10.77.150.237,Major,Server,VMware ESX Host,603718-B21,ProLiant BL460c G7,USE147L8TW,,not set,,,VMware ESXi 5.0.0 build-515841,VMware,,,not set,"Friday, 11/7/2014, 4:04 PM CST",24
dg-esxi-008,10.77.150.238,Major,Server,VMware ESX Host,603718-B21,ProLiant BL460c G7,USE147L8TY,,not set,,,VMware ESXi 5.0.0 build-1918656,VMware,,,not set,"Wednesday, 9/16/2015, 11:40 PM CDT",24
dg-esxi-010,10.77.150.240,Normal,Server,VMware ESX Host,603718-B21,ProLiant BL460c G7,USE147L8TS,,not set,,,VMware ESXi 5.0.0 build-515841,VMware,,,not set,"Friday, 5/22/2015, 6:34 PM CDT",24
dg-esxi-010_sf-dc-acxiom2.cccis.com,,Unknown,Server,Virtual Machine Guest,,,,,,,,Other Linux (32-bit),,,,,,
dg-esxi-012,10.77.150.242,Major,Server,VMware ESX Host,603718-B21,ProLiant BL460c G7,USE147L8V0,,not set,,,VMware ESXi 5.0.0 build-515841,VMware,,,not set,"Tuesday, 4/14/2015, 9:53 AM CDT",24
dg-esxi-012_jbit001.da.cccis.com,,Unknown,Server,Virtual Machine Guest,,,,,,,,Red Hat Enterprise Linux 6 (64-bit),,,,,,
dg-esxi-012_jbit001.pa.cccis.com,,Unknown,Server,Virtual Machine Guest,,,,,,,,Red Hat Enterprise Linux 6 (64-bit),,,,,,
dg-esxi-013,10.77.150.243,Major,Server,VMware ESX Host,603718-B21,ProLiant BL460c G7,USE147L8V4,,not set,,,VMware ESXi 5.0.0 build-515841,VMware,,,not set,"Monday, 3/30/2015, 7:57 AM CDT",24
dg-esxi-013_ProdWebTemp,,Unknown,Server,Virtual Machine Guest,,,,,,,,Other 2.6.x Linux (64-bit),,,,,,
dg-esxi-014,10.77.150.244,Critical,Server,VMware ESX Host,603718-B21,ProLiant BL460c G7,USE147L8V2,,not set,,,VMware ESXi 5.0.0 build-515841,VMware,,,not set,"Thursday, 1/15/2015, 9:33 AM CST",24
dg-esxi-015,10.77.150.245,Major,Server,VMware ESX Host,603718-B21,ProLiant BL460c G7,USE147L8V3,,not set,,,VMware ESXi 5.0.0 build-515841,VMware,,,not set,"Friday, 8/7/2015, 2:45 AM CDT",24
dg-esxi-016,10.77.150.249,Major,Server,VMware ESX Host,603718-B21,ProLiant BL460c G7,USE147L8TT,,not set,,,VMware ESXi 5.0.0 build-515841,VMware,,,not set,"Thursday, 1/15/2015, 4:37 PM CST",24
dg-esxi-016_webapps101.qa.cccis.com-ORIG,,Unknown,Server,Virtual Machine Guest,,,,,,,,Other 2.6.x Linux (64-bit),,,,,,
,,,,,,,,,,,,,,,,,,
,,,,,,,,,,,,,,,,,,
HP BladeSystem Rack ,,,,,,,,,,,,,,,,,,
System Name,Rack Name,Enclosure Name,Serial Number,Model,Type,Bay,,,,,,,,,,,,
dg-enc05,BU40,,USE147L8TR,BladeSystem c7000 Enclosure G2,Enclosure,None found,,,,,,,,,,,,
dg-enc05-oa1,BU40,dg-enc05,OB18BP2064,BladeSystem c7000 DDR2 Onboard Administrator with KVM,Management Processor,1,,,,,,,,,,,,
dg-enc05-oa2,BU40,dg-enc05,OB1ABP0332,HP Onboard Administrator,Management Processor,2,,,,,,,,,,,,
dg-enc05-vc1,BU40,dg-enc05,TW21440038,HP VC FlexFabric 10Gb/24-Port Module,Switch,1,,,,,,,,,,,,
dg-enc05-vc2,BU40,dg-enc05,TW2144003F,HP VC FlexFabric 10Gb/24-Port Module,Switch,2,,,,,,,,,,,,
dg-enc05-vc3,BU40,dg-enc05,TW21430094,HP VC FlexFabric 10Gb/24-Port Module,Switch,3,,,,,,,,,,,,
dg-enc05-vc4,BU40,dg-enc05,3C432700PS,HP VC FlexFabric 10Gb/24-Port Module,Switch,4,,,,,,,,,,,,
dg-esxi-001,BU40,dg-enc05,USE147L8V8,ProLiant BL460c G7,Server,1,,,,,,,,,,,,
dg-esxi-002,BU40,dg-enc05,USE147L8V1,ProLiant BL460c G7,Server,2,,,,,,,,,,,,
dg-esxi-003,BU40,dg-enc05,USE147L8V7,ProLiant BL460c G7,Server,3,,,,,,,,,,,,
dg-esxi-004,BU40,dg-enc05,USE147L8TV,ProLiant BL460c G7,Server,4,,,,,,,,,,,,
dg-esxi-005,BU40,dg-enc05,USE147L8V6,ProLiant BL460c G7,Server,5,,,,,,,,,,,,
dg-esxi-006,BU40,dg-enc05,USE147L8V9,ProLiant BL460c G7,Server,6,,,,,,,,,,,,
dg-esxi-007,BU40,dg-enc05,USE147L8TW,ProLiant BL460c G7,Server,7,,,,,,,,,,,,
dg-esxi-008,BU40,dg-enc05,USE147L8TY,ProLiant BL460c G7,Server,8,,,,,,,,,,,,
dg-esxi-010,BU40,dg-enc05,USE147L8TS,ProLiant BL460c G7,Server,10,,,,,,,,,,,,
dg-esxi-012,BU40,dg-enc05,USE147L8V0,ProLiant BL460c G7,Server,12,,,,,,,,,,,,
dg-esxi-013,BU40,dg-enc05,USE147L8V4,ProLiant BL460c G7,Server,13,,,,,,,,,,,,
dg-esxi-014,BU40,dg-enc05,USE147L8V2,ProLiant BL460c G7,Server,14,,,,,,,,,,,,
dg-esxi-015,BU40,dg-enc05,USE147L8V3,ProLiant BL460c G7,Server,15,,,,,,,,,,,,
dg-esxi-016,BU40,dg-enc05,USE147L8TT,ProLiant BL460c G7,Server,16,,,,,,,,,,,,
,,,,,,,,,,,,,,,,,,
,,,,,,,,,,,,,,,,,,
Network Interface ,,,,,,,,,,,,,,,,,,
System Name,Description,Mac Address,IP Address,Input Errors,Output Errors,Speed,Duplex,Interface Name,Subnet Mask,Broadcast Address,Interface State,DHCP Enabled,Protocol Type,Operational Status,Port Type,Max Data Size,,
dg-enc05-oa1.win.cccis.com,lo,,172.20.0.213,0,0,10.0 Mbps,,,255.0.0.0,,,,,,,,,
dg-enc05-oa1.win.cccis.com,teql0,,172.20.0.213,0,0,0.0 bps,,,,,,,,,,,,
dg-enc05-oa1.win.cccis.com,sit0,,172.20.0.213,0,0,0.0 bps,,,,,,,,,,,,
dg-enc05-oa1.win.cccis.com,ip6tnl0,,172.20.0.213,0,0,0.0 bps,,,,,,,,,,,,
dg-enc05-oa1.win.cccis.com,elinkbr,9c:8e:99:18:43:af,,0,0,10.0 Mbps,,,255.255.0.0,,,,,,,,,
dg-enc05-oa1.win.cccis.com,eth3,9c:8e:99:18:43:af,,0,0,10.0 Mbps,,,,,,,,,,,,
dg-enc05-oa1.win.cccis.com,eth2,9c:8e:99:18:53:d5,,0,0,10.0 Mbps,,,,,,,,,,,,
dg-enc05-oa1.win.cccis.com,eth0,9c:8e:99:2a:19:1e,,0,0,1.0 Gbps,,,255.255.255.0,,,,,,,,,
dg-enc05-oa1.win.cccis.com,eth1,9c:8e:99:2a:19:1f,,0,0,1.0 Gbps,,,255.255.254.0,,,,,,,,,
dg-enc05-oa1.win.cccis.com,udogbr,9c:8e:99:2a:19:1f,,0,0,10.0 Mbps,,,,,,,,,,,,
dg-enc05-oa2.win.cccis.com,teql0,,172.20.0.214,0,0,0.0 bps,,,,,,,,,,,,
dg-enc05-oa2.win.cccis.com,sit0,,172.20.0.214,0,0,0.0 bps,,,,,,,,,,,,
dg-enc05-oa2.win.cccis.com,ip6tnl0,,172.20.0.214,0,0,0.0 bps,,,,,,,,,,,,
dg-enc05-oa2.win.cccis.com,lo,,172.20.0.214,0,0,10.0 Mbps,,,255.0.0.0,,,,,,,,,
dg-enc05-oa2.win.cccis.com,eth3,9c:8e:99:18:43:af,,0,0,10.0 Mbps,,,,,,,,,,,,
dg-enc05-oa2.win.cccis.com,elinkbr,9c:8e:99:18:43:af,,0,0,10.0 Mbps,,,255.255.0.0,,,,,,,,,
dg-enc05-oa2.win.cccis.com,eth2,9c:8e:99:18:53:d5,,0,0,10.0 Mbps,,,,,,,,,,,,
dg-enc05-oa2.win.cccis.com,eth0,9c:8e:99:2a:19:1e,,0,0,1.0 Gbps,,,255.255.255.0,,,,,,,,,
dg-enc05-oa2.win.cccis.com,eth1,9c:8e:99:2a:19:1f,,0,0,1.0 Gbps,,,255.255.254.0,,,,,,,,,
dg-enc05-oa2.win.cccis.com,udogbr,9c:8e:99:2a:19:1f,,0,0,10.0 Mbps,,,,,,,,,,,,
dg-esxi-001.win.cccis.com,Emulex Corporation HP NC553i Dual Port FlexFabric 10Gb Converged Network Adapter,00:17:A4:77:10:04,,,,1.0 Gbps,FullDuplex,0017A4771004,,,,,Ethernet CSMA/CD,OK,1000Base-SX,,,
dg-esxi-001.win.cccis.com,Device vmnic0 at 02:00.0 be2net,00:17:a4:77:10:04,,0,0,1.0 Gbps,,,,,,,,,,,,
dg-esxi-001.win.cccis.com,Device vmnic1 at 02:00.1 be2net,00:17:a4:77:10:06,,0,0,1.0 Gbps,,,,,,,,,,,,
dg-esxi-001.win.cccis.com,Emulex Corporation HP NC553i Dual Port FlexFabric 10Gb Converged Network Adapter,00:17:A4:77:10:06,,,,1.0 Gbps,FullDuplex,0017A4771006,,,,,Ethernet CSMA/CD,OK,1000Base-SX,,,
dg-esxi-001.win.cccis.com,Emulex Corporation HP NC553m Dual Port FlexFabric 10Gb Network Adapter,00:17:A4:77:10:6C,,,,1.0 Gbps,FullDuplex,0017A477106C,,,,,Ethernet CSMA/CD,OK,1000Base-SX,,,
dg-esxi-001.win.cccis.com,Device vmnic6 at 06:00.0 be2net,00:17:a4:77:10:6c,,0,0,1.0 Gbps,,,,,,,,,,,,
dg-esxi-001.win.cccis.com,Device vmnic7 at 06:00.1 be2net,00:17:a4:77:10:6e,,0,0,1.0 Gbps,,,,,,,,,,,,
dg-esxi-001.win.cccis.com,Emulex Corporation HP NC553m Dual Port FlexFabric 10Gb Network Adapter,00:17:A4:77:10:6E,,,,1.0 Gbps,FullDuplex,0017A477106E,,,,,Ethernet CSMA/CD,OK,1000Base-SX,,,
dg-esxi-001.win.cccis.com,Emulex Corporation HP NC553i Dual Port FlexFabric 10Gb Converged Network Adapter,00:17:A4:77:10:C0,,,,5.0 Gbps,FullDuplex,0017A47710C0,,,,,Ethernet CSMA/CD,OK,10GBaseT,,,
dg-esxi-001.win.cccis.com,Device vmnic2 at 02:00.4 be2net,00:17:a4:77:10:c0,,0,0,705.0327 Mbps,,,,,,,,,,,,
dg-esxi-001.win.cccis.com,Device vmnic3 at 02:00.5 be2net,00:17:a4:77:10:c2,,0,0,705.0327 Mbps,,,,,,,,,,,,
dg-esxi-001.win.cccis.com,Emulex Corporation HP NC553i Dual Port FlexFabric 10Gb Converged Network Adapter,00:17:A4:77:10:C2,,,,5.0 Gbps,FullDuplex,0017A47710C2,,,,,Ethernet CSMA/CD,OK,10GBaseT,,,
dg-esxi-001.win.cccis.com,Emulex Corporation HP NC553m Dual Port FlexFabric 10Gb Network Adapter,00:17:A4:77:10:C4,,,,5.0 Gbps,FullDuplex,0017A47710C4,,,,,Ethernet CSMA/CD,OK,10GBaseT,,,
dg-esxi-001.win.cccis.com,Device vmnic8 at 06:00.4 be2net,00:17:a4:77:10:c4,,0,0,705.0327 Mbps,,,,,,,,,,,,
dg-esxi-001.win.cccis.com,Device vmnic9 at 06:00.5 be2net,00:17:a4:77:10:c6,,0,0,705.0327 Mbps,,,,,,,,,,,,
dg-esxi-001.win.cccis.com,Emulex Corporation HP NC553m Dual Port FlexFabric 10Gb Network Adapter,00:17:A4:77:10:C6,,,,5.0 Gbps,FullDuplex,0017A47710C6,,,,,Ethernet CSMA/CD,OK,10GBaseT,,,
dg-esxi-001.win.cccis.com,Emulex Corporation HP NC553m Dual Port FlexFabric 10Gb Network Adapter,44:1E:A1:17:FE:D3,,,,0.0 bps,HalfDuplex or Unknown,441EA117FED3,,,,,Ethernet CSMA/CD,Error,Unknown,,,
dg-esxi-001.win.cccis.com,Device vmnic10 at 06:00.6 be2net,44:1e:a1:17:fe:d3,,0,0,0.0 bps,,,,,,,,,,,,
dg-esxi-001.win.cccis.com,Device vmnic11 at 06:00.7 be2net,44:1e:a1:17:fe:d7,,0,0,0.0 bps,,,,,,,,,,,,
dg-esxi-001.win.cccis.com,Emulex Corporation HP NC553m Dual Port FlexFabric 10Gb Network Adapter,44:1E:A1:17:FE:D7,,,,0.0 bps,HalfDuplex or Unknown,441EA117FED7,,,,,Ethernet CSMA/CD,Error,Unknown,,,
dg-esxi-001.win.cccis.com,Emulex Corporation HP NC553i Dual Port FlexFabric 10Gb Converged Network Adapter,44:1E:A1:50:64:A3,,,,0.0 bps,HalfDuplex or Unknown,441EA15064A3,,,,,Ethernet CSMA/CD,Error,Unknown,,,
dg-esxi-001.win.cccis.com,Device vmnic4 at 02:00.6 be2net,44:1e:a1:50:64:a3,,0,0,0.0 bps,,,,,,,,,,,,
dg-esxi-001.win.cccis.com,Device vmnic5 at 02:00.7 be2net,44:1e:a1:50:64:a7,,0,0,0.0 bps,,,,,,,,,,,,
dg-esxi-001.win.cccis.com,Emulex Corporation HP NC553i Dual Port FlexFabric 10Gb Converged Network Adapter,44:1E:A1:50:64:A7,,,,0.0 bps,HalfDuplex or Unknown,441EA15064A7,,,,,Ethernet CSMA/CD,Error,Unknown,,,
dg-esxi-002.win.cccis.com,ServerEngines Corp. NC553i 10Gb 2-port FlexFabric Converged Network Adapter,00:17:A4:77:10:0C,,,,1.0 Gbps,FullDuplex,0017A477100C,,,,,,,1000BaseT,,,
dg-esxi-002.win.cccis.com,ServerEngines Corp. NC553i 10Gb 2-port FlexFabric Converged Network Adapter,00:17:A4:77:10:0E,,,,1.0 Gbps,FullDuplex,0017A477100E,,,,,,,1000BaseT,,,
dg-esxi-002.win.cccis.com,ServerEngines Corp. NC553m 10Gb 2-port FlexFabric Converged Network Adapter,00:17:A4:77:10:10,,,,1.0 Gbps,FullDuplex,0017A4771010,,,,,,,1000BaseT,,,
dg-esxi-002.win.cccis.com,ServerEngines Corp. NC553m 10Gb 2-port FlexFabric Converged Network Adapter,00:17:A4:77:10:12,,,,1.0 Gbps,FullDuplex,0017A4771012,,,,,,,1000BaseT,,,
dg-esxi-002.win.cccis.com,ServerEngines Corp. NC553i 10Gb 2-port FlexFabric Converged Network Adapter,00:17:A4:77:10:14,,,,705.0327 Mbps,FullDuplex,0017A4771014,,,,,,,Unknown,,,
dg-esxi-002.win.cccis.com,ServerEngines Corp. NC553i 10Gb 2-port FlexFabric Converged Network Adapter,00:17:A4:77:10:16,,,,705.0327 Mbps,FullDuplex,0017A4771016,,,,,,,Unknown,,,
dg-esxi-002.win.cccis.com,ServerEngines Corp. NC553m 10Gb 2-port FlexFabric Converged Network Adapter,00:17:A4:77:10:18,,,,705.0327 Mbps,FullDuplex,0017A4771018,,,,,,,Unknown,,,
dg-esxi-002.win.cccis.com,ServerEngines Corp. NC553m 10Gb 2-port FlexFabric Converged Network Adapter,00:17:A4:77:10:1A,,,,705.0327 Mbps,FullDuplex,0017A477101A,,,,,,,Unknown,,,
dg-esxi-002.win.cccis.com,ServerEngines Corp. NC553m 10Gb 2-port FlexFabric Converged Network Adapter,2C:76:8A:82:43:A3,,,,0.0 bps,HalfDuplex or Unknown,2C768A8243A3,,,,,,,Unknown,,,
dg-esxi-002.win.cccis.com,ServerEngines Corp. NC553m 10Gb 2-port FlexFabric Converged Network Adapter,2C:76:8A:82:43:A7,,,,0.0 bps,HalfDuplex or Unknown,2C768A8243A7,,,,,,,Unknown,,,
dg-esxi-002.win.cccis.com,ServerEngines Corp. NC553i 10Gb 2-port FlexFabric Converged Network Adapter,44:1E:A1:50:B9:FB,,,,0.0 bps,HalfDuplex or Unknown,441EA150B9FB,,,,,,,Unknown,,,
dg-esxi-002.win.cccis.com,ServerEngines Corp. NC553i 10Gb 2-port FlexFabric Converged Network Adapter,44:1E:A1:50:B9:FF,,,,0.0 bps,HalfDuplex or Unknown,441EA150B9FF,,,,,,,Unknown,,,
dg-esxi-003.win.cccis.com,ServerEngines Corp. NC553i 10Gb 2-port FlexFabric Converged Network Adapter,00:17:A4:77:10:34,,,,1.0 Gbps,FullDuplex,0017A4771034,,,,,,,1000BaseT,,,
dg-esxi-003.win.cccis.com,ServerEngines Corp. NC553i 10Gb 2-port FlexFabric Converged Network Adapter,00:17:A4:77:10:36,,,,1.0 Gbps,FullDuplex,0017A4771036,,,,,,,1000BaseT,,,
dg-esxi-003.win.cccis.com,ServerEngines Corp. NC553m 10Gb 2-port FlexFabric Converged Network Adapter,00:17:A4:77:10:38,,,,1.0 Gbps,FullDuplex,0017A4771038,,,,,,,1000BaseT,,,
dg-esxi-003.win.cccis.com,ServerEngines Corp. NC553m 10Gb 2-port FlexFabric Converged Network Adapter,00:17:A4:77:10:3A,,,,1.0 Gbps,FullDuplex,0017A477103A,,,,,,,1000BaseT,,,
dg-esxi-003.win.cccis.com,ServerEngines Corp. NC553i 10Gb 2-port FlexFabric Converged Network Adapter,00:17:A4:77:10:3C,,,,705.0327 Mbps,FullDuplex,0017A477103C,,,,,,,Unknown,,,
dg-esxi-003.win.cccis.com,ServerEngines Corp. NC553i 10Gb 2-port FlexFabric Converged Network Adapter,00:17:A4:77:10:3E,,,,705.0327 Mbps,FullDuplex,0017A477103E,,,,,,,Unknown,,,
dg-esxi-003.win.cccis.com,ServerEngines Corp. NC553m 10Gb 2-port FlexFabric Converged Network Adapter,00:17:A4:77:10:40,,,,705.0327 Mbps,FullDuplex,0017A4771040,,,,,,,Unknown,,,
dg-esxi-003.win.cccis.com,ServerEngines Corp. NC553m 10Gb 2-port FlexFabric Converged Network Adapter,00:17:A4:77:10:42,,,,705.0327 Mbps,FullDuplex,0017A4771042,,,,,,,Unknown,,,
dg-esxi-003.win.cccis.com,ServerEngines Corp. NC553m 10Gb 2-port FlexFabric Converged Network Adapter,2C:76:8A:82:32:3B,,,,0.0 bps,HalfDuplex or Unknown,2C768A82323B,,,,,,,Unknown,,,
dg-esxi-003.win.cccis.com,ServerEngines Corp. NC553m 10Gb 2-port FlexFabric Converged Network Adapter,2C:76:8A:82:32:3F,,,,0.0 bps,HalfDuplex or Unknown,2C768A82323F,,,,,,,Unknown,,,
dg-esxi-003.win.cccis.com,ServerEngines Corp. NC553i 10Gb 2-port FlexFabric Converged Network Adapter,44:1E:A1:50:59:F3,,,,0.0 bps,HalfDuplex or Unknown,441EA15059F3,,,,,,,Unknown,,,
dg-esxi-003.win.cccis.com,ServerEngines Corp. NC553i 10Gb 2-port FlexFabric Converged Network Adapter,44:1E:A1:50:59:F7,,,,0.0 bps,HalfDuplex or Unknown,441EA15059F7,,,,,,,Unknown,,,
dg-esxi-004.win.cccis.com,Emulex Corporation HP NC553i Dual Port FlexFabric 10Gb Converged Network Adapter,00:17:A4:77:10:48,,,,1.0 Gbps,FullDuplex,0017A4771048,,,,,Ethernet CSMA/CD,OK,1000Base-SX,,,
dg-esxi-004.win.cccis.com,Emulex Corporation HP NC553i Dual Port FlexFabric 10Gb Converged Network Adapter,00:17:A4:77:10:4A,,,,1.0 Gbps,FullDuplex,0017A477104A,,,,,Ethernet CSMA/CD,OK,1000Base-SX,,,
dg-esxi-004.win.cccis.com,Emulex Corporation HP NC553m Dual Port FlexFabric 10Gb Network Adapter,00:17:A4:77:10:4C,,,,1.0 Gbps,FullDuplex,0017A477104C,,,,,Ethernet CSMA/CD,OK,1000Base-SX,,,
dg-esxi-004.win.cccis.com,Emulex Corporation HP NC553m Dual Port FlexFabric 10Gb Network Adapter,00:17:A4:77:10:4E,,,,1.0 Gbps,FullDuplex,0017A477104E,,,,,Ethernet CSMA/CD,OK,1000Base-SX,,,
dg-esxi-004.win.cccis.com,Emulex Corporation HP NC553i Dual Port FlexFabric 10Gb Converged Network Adapter,00:17:A4:77:10:50,,,,5.0 Gbps,FullDuplex,0017A4771050,,,,,Ethernet CSMA/CD,OK,10GBaseT,,,
dg-esxi-004.win.cccis.com,Emulex Corporation HP NC553i Dual Port FlexFabric 10Gb Converged Network Adapter,00:17:A4:77:10:52,,,,5.0 Gbps,FullDuplex,0017A4771052,,,,,Ethernet CSMA/CD,OK,10GBaseT,,,
dg-esxi-004.win.cccis.com,Emulex Corporation HP NC553m Dual Port FlexFabric 10Gb Network Adapter,00:17:A4:77:10:54,,,,5.0 Gbps,FullDuplex,0017A4771054,,,,,Ethernet CSMA/CD,OK,10GBaseT,,,
dg-esxi-004.win.cccis.com,Emulex Corporation HP NC553m Dual Port FlexFabric 10Gb Network Adapter,00:17:A4:77:10:56,,,,5.0 Gbps,FullDuplex,0017A4771056,,,,,Ethernet CSMA/CD,OK,10GBaseT,,,
dg-esxi-004.win.cccis.com,Emulex Corporation HP NC553m Dual Port FlexFabric 10Gb Network Adapter,2C:76:8A:82:50:5B,,,,0.0 bps,HalfDuplex or Unknown,2C768A82505B,,,,,Ethernet CSMA/CD,Error,Unknown,,,
dg-esxi-004.win.cccis.com,Emulex Corporation HP NC553m Dual Port FlexFabric 10Gb Network Adapter,2C:76:8A:82:50:5F,,,,0.0 bps,HalfDuplex or Unknown,2C768A82505F,,,,,Ethernet CSMA/CD,Error,Unknown,,,
dg-esxi-004.win.cccis.com,Emulex Corporation HP NC553i Dual Port FlexFabric 10Gb Converged Network Adapter,44:1E:A1:50:69:9B,,,,0.0 bps,HalfDuplex or Unknown,441EA150699B,,,,,Ethernet CSMA/CD,Error,Unknown,,,
dg-esxi-004.win.cccis.com,Emulex Corporation HP NC553i Dual Port FlexFabric 10Gb Converged Network Adapter,44:1E:A1:50:69:9F,,,,0.0 bps,HalfDuplex or Unknown,441EA150699F,,,,,Ethernet CSMA/CD,Error,Unknown,,,
dg-esxi-005.win.cccis.com,Emulex Corporation HP NC553i Dual Port FlexFabric 10Gb Converged Network Adapter,00:17:A4:77:10:5C,,,,1.0 Gbps,FullDuplex,0017A477105C,,,,,Ethernet CSMA/CD,OK,1000Base-SX,,,
dg-esxi-005.win.cccis.com,Emulex Corporation HP NC553i Dual Port FlexFabric 10Gb Converged Network Adapter,00:17:A4:77:10:5E,,,,1.0 Gbps,FullDuplex,0017A477105E,,,,,Ethernet CSMA/CD,OK,1000Base-SX,,,
dg-esxi-005.win.cccis.com,Emulex Corporation HP NC553m Dual Port FlexFabric 10Gb Network Adapter,00:17:A4:77:10:60,,,,1.0 Gbps,FullDuplex,0017A4771060,,,,,Ethernet CSMA/CD,OK,1000Base-SX,,,
dg-esxi-005.win.cccis.com,Emulex Corporation HP NC553m Dual Port FlexFabric 10Gb Network Adapter,00:17:A4:77:10:62,,,,0.0 bps,HalfDuplex or Unknown,0017A4771062,,,,,Ethernet CSMA/CD,Error,Unknown,,,
dg-esxi-005.win.cccis.com,Emulex Corporation HP NC553i Dual Port FlexFabric 10Gb Converged Network Adapter,00:17:A4:77:10:64,,,,5.0 Gbps,FullDuplex,0017A4771064,,,,,Ethernet CSMA/CD,OK,10GBaseT,,,
dg-esxi-005.win.cccis.com,Emulex Corporation HP NC553i Dual Port FlexFabric 10Gb Converged Network Adapter,00:17:A4:77:10:66,,,,5.0 Gbps,FullDuplex,0017A4771066,,,,,Ethernet CSMA/CD,OK,10GBaseT,,,
dg-esxi-005.win.cccis.com,Emulex Corporation HP NC553m Dual Port FlexFabric 10Gb Network Adapter,00:17:A4:77:10:68,,,,5.0 Gbps,FullDuplex,0017A4771068,,,,,Ethernet CSMA/CD,OK,10GBaseT,,,
dg-esxi-005.win.cccis.com,Emulex Corporation HP NC553m Dual Port FlexFabric 10Gb Network Adapter,00:17:A4:77:10:6A,,,,0.0 bps,HalfDuplex or Unknown,0017A477106A,,,,,Ethernet CSMA/CD,Error,Unknown,,,
dg-esxi-005.win.cccis.com,Emulex Corporation HP NC553m Dual Port FlexFabric 10Gb Network Adapter,44:1E:A1:17:FE:9B,,,,0.0 bps,HalfDuplex or Unknown,441EA117FE9B,,,,,Ethernet CSMA/CD,Error,Unknown,,,
dg-esxi-005.win.cccis.com,Emulex Corporation HP NC553m Dual Port FlexFabric 10Gb Network Adapter,44:1E:A1:17:FE:9F,,,,0.0 bps,HalfDuplex or Unknown,441EA117FE9F,,,,,Ethernet CSMA/CD,Error,Unknown,,,
dg-esxi-005.win.cccis.com,Emulex Corporation HP NC553i Dual Port FlexFabric 10Gb Converged Network Adapter,44:1E:A1:50:E9:E3,,,,0.0 bps,HalfDuplex or Unknown,441EA150E9E3,,,,,Ethernet CSMA/CD,Error,Unknown,,,
dg-esxi-005.win.cccis.com,Emulex Corporation HP NC553i Dual Port FlexFabric 10Gb Converged Network Adapter,44:1E:A1:50:E9:E7,,,,0.0 bps,HalfDuplex or Unknown,441EA150E9E7,,,,,Ethernet CSMA/CD,Error,Unknown,,,
dg-esxi-006.win.cccis.com,Emulex Corporation HP NC553i Dual Port FlexFabric 10Gb Converged Network Adapter,00:17:A4:77:10:74,,,,1.0 Gbps,FullDuplex,0017A4771074,,,,,Ethernet CSMA/CD,OK,1000Base-SX,,,
dg-esxi-006.win.cccis.com,Emulex Corporation HP NC553i Dual Port FlexFabric 10Gb Converged Network Adapter,00:17:A4:77:10:76,,,,1.0 Gbps,FullDuplex,0017A4771076,,,,,Ethernet CSMA/CD,OK,1000Base-SX,,,
dg-esxi-006.win.cccis.com,Emulex Corporation HP NC553m Dual Port FlexFabric 10Gb Network Adapter,00:17:A4:77:10:78,,,,1.0 Gbps,FullDuplex,0017A4771078,,,,,Ethernet CSMA/CD,OK,1000Base-SX,,,
dg-esxi-006.win.cccis.com,Emulex Corporation HP NC553m Dual Port FlexFabric 10Gb Network Adapter,00:17:A4:77:10:7A,,,,1.0 Gbps,FullDuplex,0017A477107A,,,,,Ethernet CSMA/CD,OK,1000Base-SX,,,
dg-esxi-006.win.cccis.com,Emulex Corporation HP NC553i Dual Port FlexFabric 10Gb Converged Network Adapter,00:17:A4:77:10:7C,,,,5.0 Gbps,FullDuplex,0017A477107C,,,,,Ethernet CSMA/CD,OK,10GBaseT,,,
dg-esxi-006.win.cccis.com,Emulex Corporation HP NC553i Dual Port FlexFabric 10Gb Converged Network Adapter,00:17:A4:77:10:7E,,,,5.0 Gbps,FullDuplex,0017A477107E,,,,,Ethernet CSMA/CD,OK,10GBaseT,,,
dg-esxi-006.win.cccis.com,Emulex Corporation HP NC553m Dual Port FlexFabric 10Gb Network Adapter,00:17:A4:77:10:80,,,,5.0 Gbps,FullDuplex,0017A4771080,,,,,Ethernet CSMA/CD,OK,10GBaseT,,,
dg-esxi-006.win.cccis.com,Emulex Corporation HP NC553m Dual Port FlexFabric 10Gb Network Adapter,00:17:A4:77:10:82,,,,5.0 Gbps,FullDuplex,0017A4771082,,,,,Ethernet CSMA/CD,OK,10GBaseT,,,
dg-esxi-006.win.cccis.com,Emulex Corporation HP NC553m Dual Port FlexFabric 10Gb Network Adapter,2C:76:8A:82:53:6B,,,,0.0 bps,HalfDuplex or Unknown,2C768A82536B,,,,,Ethernet CSMA/CD,Error,Unknown,,,
dg-esxi-006.win.cccis.com,Emulex Corporation HP NC553m Dual Port FlexFabric 10Gb Network Adapter,2C:76:8A:82:53:6F,,,,0.0 bps,HalfDuplex or Unknown,2C768A82536F,,,,,Ethernet CSMA/CD,Error,Unknown,,,
dg-esxi-006.win.cccis.com,Emulex Corporation HP NC553i Dual Port FlexFabric 10Gb Converged Network Adapter,44:1E:A1:50:34:6B,,,,0.0 bps,HalfDuplex or Unknown,441EA150346B,,,,,Ethernet CSMA/CD,Error,Unknown,,,
dg-esxi-006.win.cccis.com,Emulex Corporation HP NC553i Dual Port FlexFabric 10Gb Converged Network Adapter,44:1E:A1:50:34:6F,,,,0.0 bps,HalfDuplex or Unknown,441EA150346F,,,,,Ethernet CSMA/CD,Error,Unknown,,,
dg-esxi-007.win.cccis.com,ServerEngines Corp. NC553i 10Gb 2-port FlexFabric Converged Network Adapter,00:17:A4:77:10:9C,,,,1.0 Gbps,FullDuplex,0017A477109C,255.255.255.0,,,,Ethernet CSMA/CD,OK,1000BaseT,,,
dg-esxi-007.win.cccis.com,ServerEngines Corp. NC553i 10Gb 2-port FlexFabric Converged Network Adapter,00:17:A4:77:10:9E,,,,1.0 Gbps,FullDuplex,0017A477109E,,,,,Ethernet CSMA/CD,OK,1000BaseT,,,
dg-esxi-007.win.cccis.com,ServerEngines Corp. NC553m 10Gb 2-port FlexFabric Converged Network Adapter,00:17:A4:77:10:A0,,,,1.0 Gbps,FullDuplex,0017A47710A0,,,,,Ethernet CSMA/CD,OK,1000BaseT,,,
dg-esxi-007.win.cccis.com,ServerEngines Corp. NC553m 10Gb 2-port FlexFabric Converged Network Adapter,00:17:A4:77:10:A2,,,,0.0 bps,HalfDuplex or Unknown,0017A47710A2,,,,,Ethernet CSMA/CD,Error,Unknown,,,
dg-esxi-007.win.cccis.com,ServerEngines Corp. NC553i 10Gb 2-port FlexFabric Converged Network Adapter,00:17:A4:77:10:A4,,,,705.0327 Mbps,FullDuplex,0017A47710A4,,,,,Ethernet CSMA/CD,OK,Unknown,,,
dg-esxi-007.win.cccis.com,ServerEngines Corp. NC553i 10Gb 2-port FlexFabric Converged Network Adapter,00:17:A4:77:10:A6,,,,705.0327 Mbps,FullDuplex,0017A47710A6,,,,,Ethernet CSMA/CD,OK,Unknown,,,
dg-esxi-007.win.cccis.com,ServerEngines Corp. NC553m 10Gb 2-port FlexFabric Converged Network Adapter,00:17:A4:77:10:A8,,,,705.0327 Mbps,FullDuplex,0017A47710A8,,,,,Ethernet CSMA/CD,OK,Unknown,,,
dg-esxi-007.win.cccis.com,ServerEngines Corp. NC553m 10Gb 2-port FlexFabric Converged Network Adapter,00:17:A4:77:10:AA,,,,0.0 bps,HalfDuplex or Unknown,0017A47710AA,,,,,Ethernet CSMA/CD,Error,Unknown,,,
dg-esxi-007.win.cccis.com,ServerEngines Corp. NC553m 10Gb 2-port FlexFabric Converged Network Adapter,2C:76:8A:82:23:6B,,,,0.0 bps,HalfDuplex or Unknown,2C768A82236B,,,,,Ethernet CSMA/CD,Error,Unknown,,,
dg-esxi-007.win.cccis.com,ServerEngines Corp. NC553m 10Gb 2-port FlexFabric Converged Network Adapter,2C:76:8A:82:23:6F,,,,0.0 bps,HalfDuplex or Unknown,2C768A82236F,,,,,Ethernet CSMA/CD,Error,Unknown,,,
dg-esxi-007.win.cccis.com,ServerEngines Corp. NC553i 10Gb 2-port FlexFabric Converged Network Adapter,44:1E:A1:50:49:03,,,,0.0 bps,HalfDuplex or Unknown,441EA1504903,,,,,Ethernet CSMA/CD,Error,Unknown,,,
dg-esxi-007.win.cccis.com,ServerEngines Corp. NC553i 10Gb 2-port FlexFabric Converged Network Adapter,44:1E:A1:50:49:07,,,,0.0 bps,HalfDuplex or Unknown,441EA1504907,,,,,Ethernet CSMA/CD,Error,Unknown,,,
dg-esxi-008.win.cccis.com,Emulex Corporation HP NC553i Dual Port FlexFabric 10Gb Converged Network Adapter,00:17:A4:77:10:B0,,,,1.0 Gbps,FullDuplex,0017A47710B0,,,,,Ethernet CSMA/CD,OK,1000Base-SX,,,
dg-esxi-008.win.cccis.com,Emulex Corporation HP NC553i Dual Port FlexFabric 10Gb Converged Network Adapter,00:17:A4:77:10:B2,,,,1.0 Gbps,FullDuplex,0017A47710B2,,,,,Ethernet CSMA/CD,OK,1000Base-SX,,,
dg-esxi-008.win.cccis.com,Emulex Corporation HP NC553m Dual Port FlexFabric 10Gb Network Adapter,00:17:A4:77:10:B4,,,,1.0 Gbps,FullDuplex,0017A47710B4,,,,,Ethernet CSMA/CD,OK,1000Base-SX,,,
dg-esxi-008.win.cccis.com,Emulex Corporation HP NC553m Dual Port FlexFabric 10Gb Network Adapter,00:17:A4:77:10:B6,,,,0.0 bps,HalfDuplex or Unknown,0017A47710B6,,,,,Ethernet CSMA/CD,Error,Unknown,,,
dg-esxi-008.win.cccis.com,Emulex Corporation HP NC553i Dual Port FlexFabric 10Gb Converged Network Adapter,00:17:A4:77:10:B8,,,,5.0 Gbps,FullDuplex,0017A47710B8,,,,,Ethernet CSMA/CD,OK,10GBaseT,,,
dg-esxi-008.win.cccis.com,Emulex Corporation HP NC553i Dual Port FlexFabric 10Gb Converged Network Adapter,00:17:A4:77:10:BA,,,,5.0 Gbps,FullDuplex,0017A47710BA,,,,,Ethernet CSMA/CD,OK,10GBaseT,,,
dg-esxi-008.win.cccis.com,Emulex Corporation HP NC553m Dual Port FlexFabric 10Gb Network Adapter,00:17:A4:77:10:BC,,,,5.0 Gbps,FullDuplex,0017A47710BC,,,,,Ethernet CSMA/CD,OK,10GBaseT,,,
dg-esxi-008.win.cccis.com,Emulex Corporation HP NC553m Dual Port FlexFabric 10Gb Network Adapter,00:17:A4:77:10:BE,,,,0.0 bps,HalfDuplex or Unknown,0017A47710BE,,,,,Ethernet CSMA/CD,Error,Unknown,,,
dg-esxi-008.win.cccis.com,Emulex Corporation HP NC553m Dual Port FlexFabric 10Gb Network Adapter,44:1E:A1:17:FC:6B,,,,0.0 bps,HalfDuplex or Unknown,441EA117FC6B,,,,,Ethernet CSMA/CD,Error,Unknown,,,
dg-esxi-008.win.cccis.com,Emulex Corporation HP NC553m Dual Port FlexFabric 10Gb Network Adapter,44:1E:A1:17:FC:6F,,,,0.0 bps,HalfDuplex or Unknown,441EA117FC6F,,,,,Ethernet CSMA/CD,Error,Unknown,,,
dg-esxi-008.win.cccis.com,Emulex Corporation HP NC553i Dual Port FlexFabric 10Gb Converged Network Adapter,44:1E:A1:50:62:A3,,,,0.0 bps,HalfDuplex or Unknown,441EA15062A3,,,,,Ethernet CSMA/CD,Error,Unknown,,,
dg-esxi-008.win.cccis.com,Emulex Corporation HP NC553i Dual Port FlexFabric 10Gb Converged Network Adapter,44:1E:A1:50:62:A7,,,,0.0 bps,HalfDuplex or Unknown,441EA15062A7,,,,,Ethernet CSMA/CD,Error,Unknown,,,
dg-esxi-010.win.cccis.com,ServerEngines Corp. NC553i 10Gb 2-port FlexFabric Converged Network Adapter,00:17:A4:77:10:CC,,,,1.0 Gbps,FullDuplex,0017A47710CC,,,,,,,1000BaseT,,,
dg-esxi-010.win.cccis.com,ServerEngines Corp. NC553i 10Gb 2-port FlexFabric Converged Network Adapter,00:17:A4:77:10:CE,,,,1.0 Gbps,FullDuplex,0017A47710CE,,,,,,,1000BaseT,,,
dg-esxi-010.win.cccis.com,ServerEngines Corp. NC553m 10Gb 2-port FlexFabric Converged Network Adapter,00:17:A4:77:10:D0,,,,1.0 Gbps,FullDuplex,0017A47710D0,,,,,,,1000BaseT,,,
dg-esxi-010.win.cccis.com,ServerEngines Corp. NC553m 10Gb 2-port FlexFabric Converged Network Adapter,00:17:A4:77:10:D2,,,,1.0 Gbps,FullDuplex,0017A47710D2,,,,,,,1000BaseT,,,
dg-esxi-010.win.cccis.com,ServerEngines Corp. NC553i 10Gb 2-port FlexFabric Converged Network Adapter,00:17:A4:77:10:D4,,,,705.0327 Mbps,FullDuplex,0017A47710D4,,,,,,,Unknown,,,
dg-esxi-010.win.cccis.com,ServerEngines Corp. NC553i 10Gb 2-port FlexFabric Converged Network Adapter,00:17:A4:77:10:D6,,,,705.0327 Mbps,FullDuplex,0017A47710D6,,,,,,,Unknown,,,
dg-esxi-010.win.cccis.com,ServerEngines Corp. NC553m 10Gb 2-port FlexFabric Converged Network Adapter,00:17:A4:77:10:D8,,,,705.0327 Mbps,FullDuplex,0017A47710D8,,,,,,,Unknown,,,
dg-esxi-010.win.cccis.com,ServerEngines Corp. NC553m 10Gb 2-port FlexFabric Converged Network Adapter,00:17:A4:77:10:DA,,,,705.0327 Mbps,FullDuplex,0017A47710DA,,,,,,,Unknown,,,
dg-esxi-010.win.cccis.com,ServerEngines Corp. NC553m 10Gb 2-port FlexFabric Converged Network Adapter,2C:76:8A:82:22:AB,,,,0.0 bps,HalfDuplex or Unknown,2C768A8222AB,,,,,,,Unknown,,,
dg-esxi-010.win.cccis.com,ServerEngines Corp. NC553m 10Gb 2-port FlexFabric Converged Network Adapter,2C:76:8A:82:22:AF,,,,0.0 bps,HalfDuplex or Unknown,2C768A8222AF,,,,,,,Unknown,,,
dg-esxi-010.win.cccis.com,ServerEngines Corp. NC553i 10Gb 2-port FlexFabric Converged Network Adapter,44:1E:A1:50:69:E3,,,,0.0 bps,HalfDuplex or Unknown,441EA15069E3,,,,,,,Unknown,,,
dg-esxi-010.win.cccis.com,ServerEngines Corp. NC553i 10Gb 2-port FlexFabric Converged Network Adapter,44:1E:A1:50:69:E7,,,,0.0 bps,HalfDuplex or Unknown,441EA15069E7,,,,,,,Unknown,,,
dg-esxi-012.win.cccis.com,ServerEngines Corp. NC553i 10Gb 2-port FlexFabric Converged Network Adapter,00:17:A4:77:10:F4,,,,1.0 Gbps,FullDuplex,0017A47710F4,,,,,,,1000BaseT,,,
dg-esxi-012.win.cccis.com,ServerEngines Corp. NC553i 10Gb 2-port FlexFabric Converged Network Adapter,00:17:A4:77:10:F6,,,,1.0 Gbps,FullDuplex,0017A47710F6,,,,,,,1000BaseT,,,
dg-esxi-012.win.cccis.com,ServerEngines Corp. NC553m 10Gb 2-port FlexFabric Converged Network Adapter,00:17:A4:77:10:F8,,,,1.0 Gbps,FullDuplex,0017A47710F8,,,,,,,1000BaseT,,,
dg-esxi-012.win.cccis.com,ServerEngines Corp. NC553m 10Gb 2-port FlexFabric Converged Network Adapter,00:17:A4:77:10:FA,,,,1.0 Gbps,FullDuplex,0017A47710FA,,,,,,,1000BaseT,,,
dg-esxi-012.win.cccis.com,ServerEngines Corp. NC553i 10Gb 2-port FlexFabric Converged Network Adapter,00:17:A4:77:10:FC,,,,705.0327 Mbps,FullDuplex,0017A47710FC,,,,,,,Unknown,,,
dg-esxi-012.win.cccis.com,ServerEngines Corp. NC553i 10Gb 2-port FlexFabric Converged Network Adapter,00:17:A4:77:10:FE,,,,705.0327 Mbps,FullDuplex,0017A47710FE,,,,,,,Unknown,,,
dg-esxi-012.win.cccis.com,ServerEngines Corp. NC553m 10Gb 2-port FlexFabric Converged Network Adapter,00:17:A4:77:11:00,,,,705.0327 Mbps,FullDuplex,0017A4771100,,,,,,,Unknown,,,
dg-esxi-012.win.cccis.com,ServerEngines Corp. NC553m 10Gb 2-port FlexFabric Converged Network Adapter,00:17:A4:77:11:02,,,,705.0327 Mbps,FullDuplex,0017A4771102,,,,,,,Unknown,,,
dg-esxi-012.win.cccis.com,ServerEngines Corp. NC553m 10Gb 2-port FlexFabric Converged Network Adapter,2C:76:8A:82:32:13,,,,0.0 bps,HalfDuplex or Unknown,2C768A823213,,,,,,,Unknown,,,
dg-esxi-012.win.cccis.com,ServerEngines Corp. NC553m 10Gb 2-port FlexFabric Converged Network Adapter,2C:76:8A:82:32:17,,,,0.0 bps,HalfDuplex or Unknown,2C768A823217,,,,,,,Unknown,,,
dg-esxi-012.win.cccis.com,ServerEngines Corp. NC553i 10Gb 2-port FlexFabric Converged Network Adapter,44:1E:A1:50:19:C3,,,,0.0 bps,HalfDuplex or Unknown,441EA15019C3,,,,,,,Unknown,,,
dg-esxi-012.win.cccis.com,ServerEngines Corp. NC553i 10Gb 2-port FlexFabric Converged Network Adapter,44:1E:A1:50:19:C7,,,,0.0 bps,HalfDuplex or Unknown,441EA15019C7,,,,,,,Unknown,,,
dg-esxi-013.win.cccis.com,ServerEngines Corp. NC553i 10Gb 2-port FlexFabric Converged Network Adapter,00:17:A4:77:11:08,,,,1.0 Gbps,FullDuplex,0017A4771108,,,,,,,1000BaseT,,,
dg-esxi-013.win.cccis.com,ServerEngines Corp. NC553i 10Gb 2-port FlexFabric Converged Network Adapter,00:17:A4:77:11:0A,,,,1.0 Gbps,FullDuplex,0017A477110A,,,,,,,1000BaseT,,,
dg-esxi-013.win.cccis.com,ServerEngines Corp. NC553m 10Gb 2-port FlexFabric Converged Network Adapter,00:17:A4:77:11:0C,,,,1.0 Gbps,FullDuplex,0017A477110C,,,,,,,1000BaseT,,,
dg-esxi-013.win.cccis.com,ServerEngines Corp. NC553m 10Gb 2-port FlexFabric Converged Network Adapter,00:17:A4:77:11:0E,,,,1.0 Gbps,FullDuplex,0017A477110E,,,,,,,1000BaseT,,,
dg-esxi-013.win.cccis.com,ServerEngines Corp. NC553i 10Gb 2-port FlexFabric Converged Network Adapter,00:17:A4:77:11:10,,,,705.0327 Mbps,FullDuplex,0017A4771110,,,,,,,Unknown,,,
dg-esxi-013.win.cccis.com,ServerEngines Corp. NC553i 10Gb 2-port FlexFabric Converged Network Adapter,00:17:A4:77:11:12,,,,705.0327 Mbps,FullDuplex,0017A4771112,,,,,,,Unknown,,,
dg-esxi-013.win.cccis.com,ServerEngines Corp. NC553m 10Gb 2-port FlexFabric Converged Network Adapter,00:17:A4:77:11:14,,,,705.0327 Mbps,FullDuplex,0017A4771114,,,,,,,Unknown,,,
dg-esxi-013.win.cccis.com,ServerEngines Corp. NC553m 10Gb 2-port FlexFabric Converged Network Adapter,00:17:A4:77:11:16,,,,705.0327 Mbps,FullDuplex,0017A4771116,,,,,,,Unknown,,,
dg-esxi-013.win.cccis.com,ServerEngines Corp. NC553m 10Gb 2-port FlexFabric Converged Network Adapter,44:1E:A1:17:FD:AB,,,,0.0 bps,HalfDuplex or Unknown,441EA117FDAB,,,,,,,Unknown,,,
dg-esxi-013.win.cccis.com,ServerEngines Corp. NC553m 10Gb 2-port FlexFabric Converged Network Adapter,44:1E:A1:17:FD:AF,,,,0.0 bps,HalfDuplex or Unknown,441EA117FDAF,,,,,,,Unknown,,,
dg-esxi-013.win.cccis.com,ServerEngines Corp. NC553i 10Gb 2-port FlexFabric Converged Network Adapter,44:1E:A1:50:A9:B3,,,,0.0 bps,HalfDuplex or Unknown,441EA150A9B3,,,,,,,Unknown,,,
dg-esxi-013.win.cccis.com,ServerEngines Corp. NC553i 10Gb 2-port FlexFabric Converged Network Adapter,44:1E:A1:50:A9:B7,,,,0.0 bps,HalfDuplex or Unknown,441EA150A9B7,,,,,,,Unknown,,,
dg-esxi-014.win.cccis.com,ServerEngines Corp. NC553i 10Gb 2-port FlexFabric Converged Network Adapter,00:17:A4:77:11:1C,,,,1.0 Gbps,FullDuplex,0017A477111C,,,,,,,1000BaseT,,,
dg-esxi-014.win.cccis.com,ServerEngines Corp. NC553i 10Gb 2-port FlexFabric Converged Network Adapter,00:17:A4:77:11:1E,,,,1.0 Gbps,FullDuplex,0017A477111E,,,,,,,1000BaseT,,,
dg-esxi-014.win.cccis.com,ServerEngines Corp. NC553m 10Gb 2-port FlexFabric Converged Network Adapter,00:17:A4:77:11:20,,,,1.0 Gbps,FullDuplex,0017A4771120,,,,,,,1000BaseT,,,
dg-esxi-014.win.cccis.com,ServerEngines Corp. NC553m 10Gb 2-port FlexFabric Converged Network Adapter,00:17:A4:77:11:22,,,,1.0 Gbps,FullDuplex,0017A4771122,,,,,,,1000BaseT,,,
dg-esxi-014.win.cccis.com,ServerEngines Corp. NC553i 10Gb 2-port FlexFabric Converged Network Adapter,00:17:A4:77:11:24,,,,705.0327 Mbps,FullDuplex,0017A4771124,,,,,,,Unknown,,,
dg-esxi-014.win.cccis.com,ServerEngines Corp. NC553i 10Gb 2-port FlexFabric Converged Network Adapter,00:17:A4:77:11:26,,,,705.0327 Mbps,FullDuplex,0017A4771126,,,,,,,Unknown,,,
dg-esxi-014.win.cccis.com,ServerEngines Corp. NC553m 10Gb 2-port FlexFabric Converged Network Adapter,00:17:A4:77:11:28,,,,705.0327 Mbps,FullDuplex,0017A4771128,,,,,,,Unknown,,,
dg-esxi-014.win.cccis.com,ServerEngines Corp. NC553m 10Gb 2-port FlexFabric Converged Network Adapter,00:17:A4:77:11:2A,,,,705.0327 Mbps,FullDuplex,0017A477112A,,,,,,,Unknown,,,
dg-esxi-014.win.cccis.com,ServerEngines Corp. NC553m 10Gb 2-port FlexFabric Converged Network Adapter,2C:76:8A:82:40:BB,,,,0.0 bps,HalfDuplex or Unknown,2C768A8240BB,,,,,,,Unknown,,,
dg-esxi-014.win.cccis.com,ServerEngines Corp. NC553m 10Gb 2-port FlexFabric Converged Network Adapter,2C:76:8A:82:40:BF,,,,0.0 bps,HalfDuplex or Unknown,2C768A8240BF,,,,,,,Unknown,,,
dg-esxi-014.win.cccis.com,ServerEngines Corp. NC553i 10Gb 2-port FlexFabric Converged Network Adapter,44:1E:A1:50:69:3B,,,,0.0 bps,HalfDuplex or Unknown,441EA150693B,,,,,,,Unknown,,,
dg-esxi-014.win.cccis.com,ServerEngines Corp. NC553i 10Gb 2-port FlexFabric Converged Network Adapter,44:1E:A1:50:69:3F,,,,0.0 bps,HalfDuplex or Unknown,441EA150693F,,,,,,,Unknown,,,
dg-esxi-015.win.cccis.com,ServerEngines Corp. NC553i 10Gb 2-port FlexFabric Converged Network Adapter,00:17:A4:77:11:30,,,,1.0 Gbps,FullDuplex,0017A4771130,255.255.255.0,,,,Ethernet CSMA/CD,OK,1000BaseT,,,
dg-esxi-015.win.cccis.com,ServerEngines Corp. NC553i 10Gb 2-port FlexFabric Converged Network Adapter,00:17:A4:77:11:32,,,,1.0 Gbps,FullDuplex,0017A4771132,,,,,Ethernet CSMA/CD,OK,1000BaseT,,,
dg-esxi-015.win.cccis.com,ServerEngines Corp. NC553m 10Gb 2-port FlexFabric Converged Network Adapter,00:17:A4:77:11:34,,,,1.0 Gbps,FullDuplex,0017A4771134,,,,,Ethernet CSMA/CD,OK,1000BaseT,,,
dg-esxi-015.win.cccis.com,ServerEngines Corp. NC553m 10Gb 2-port FlexFabric Converged Network Adapter,00:17:A4:77:11:36,,,,1.0 Gbps,FullDuplex,0017A4771136,,,,,Ethernet CSMA/CD,OK,1000BaseT,,,
dg-esxi-015.win.cccis.com,ServerEngines Corp. NC553i 10Gb 2-port FlexFabric Converged Network Adapter,00:17:A4:77:11:38,,,,705.0327 Mbps,FullDuplex,0017A4771138,,,,,Ethernet CSMA/CD,OK,Unknown,,,
dg-esxi-015.win.cccis.com,ServerEngines Corp. NC553i 10Gb 2-port FlexFabric Converged Network Adapter,00:17:A4:77:11:3A,,,,705.0327 Mbps,FullDuplex,0017A477113A,,,,,Ethernet CSMA/CD,OK,Unknown,,,
dg-esxi-015.win.cccis.com,ServerEngines Corp. NC553m 10Gb 2-port FlexFabric Converged Network Adapter,00:17:A4:77:11:3C,,,,705.0327 Mbps,FullDuplex,0017A477113C,,,,,Ethernet CSMA/CD,OK,Unknown,,,
dg-esxi-015.win.cccis.com,ServerEngines Corp. NC553m 10Gb 2-port FlexFabric Converged Network Adapter,00:17:A4:77:11:3E,,,,705.0327 Mbps,FullDuplex,0017A477113E,,,,,Ethernet CSMA/CD,OK,Unknown,,,
dg-esxi-015.win.cccis.com,ServerEngines Corp. NC553m 10Gb 2-port FlexFabric Converged Network Adapter,44:1E:A1:17:EF:53,,,,0.0 bps,HalfDuplex or Unknown,441EA117EF53,,,,,Ethernet CSMA/CD,Error,Unknown,,,
dg-esxi-015.win.cccis.com,ServerEngines Corp. NC553m 10Gb 2-port FlexFabric Converged Network Adapter,44:1E:A1:17:EF:57,,,,0.0 bps,HalfDuplex or Unknown,441EA117EF57,,,,,Ethernet CSMA/CD,Error,Unknown,,,
dg-esxi-015.win.cccis.com,ServerEngines Corp. NC553i 10Gb 2-port FlexFabric Converged Network Adapter,44:1E:A1:50:34:EB,,,,0.0 bps,HalfDuplex or Unknown,441EA15034EB,,,,,Ethernet CSMA/CD,Error,Unknown,,,
dg-esxi-015.win.cccis.com,ServerEngines Corp. NC553i 10Gb 2-port FlexFabric Converged Network Adapter,44:1E:A1:50:34:EF,,,,0.0 bps,HalfDuplex or Unknown,441EA15034EF,,,,,Ethernet CSMA/CD,Error,Unknown,,,
dg-esxi-016.win.cccis.com,ServerEngines Corp. NC553i 10Gb 2-port FlexFabric Converged Network Adapter,00:17:A4:77:11:44,,,,1.0 Gbps,FullDuplex,0017A4771144,,,,,,,1000BaseT,,,
dg-esxi-016.win.cccis.com,ServerEngines Corp. NC553i 10Gb 2-port FlexFabric Converged Network Adapter,00:17:A4:77:11:46,,,,1.0 Gbps,FullDuplex,0017A4771146,,,,,,,1000BaseT,,,
dg-esxi-016.win.cccis.com,ServerEngines Corp. NC553m 10Gb 2-port FlexFabric Converged Network Adapter,00:17:A4:77:11:48,,,,1.0 Gbps,FullDuplex,0017A4771148,,,,,,,1000BaseT,,,
dg-esxi-016.win.cccis.com,ServerEngines Corp. NC553m 10Gb 2-port FlexFabric Converged Network Adapter,00:17:A4:77:11:4A,,,,1.0 Gbps,FullDuplex,0017A477114A,,,,,,,1000BaseT,,,
dg-esxi-016.win.cccis.com,ServerEngines Corp. NC553i 10Gb 2-port FlexFabric Converged Network Adapter,00:17:A4:77:11:4C,,,,705.0327 Mbps,FullDuplex,0017A477114C,,,,,,,Unknown,,,
dg-esxi-016.win.cccis.com,ServerEngines Corp. NC553i 10Gb 2-port FlexFabric Converged Network Adapter,00:17:A4:77:11:4E,,,,705.0327 Mbps,FullDuplex,0017A477114E,,,,,,,Unknown,,,
dg-esxi-016.win.cccis.com,ServerEngines Corp. NC553m 10Gb 2-port FlexFabric Converged Network Adapter,00:17:A4:77:11:50,,,,705.0327 Mbps,FullDuplex,0017A4771150,,,,,,,Unknown,,,
dg-esxi-016.win.cccis.com,ServerEngines Corp. NC553m 10Gb 2-port FlexFabric Converged Network Adapter,00:17:A4:77:11:52,,,,705.0327 Mbps,FullDuplex,0017A4771152,,,,,,,Unknown,,,
dg-esxi-016.win.cccis.com,ServerEngines Corp. NC553m 10Gb 2-port FlexFabric Converged Network Adapter,2C:76:8A:82:32:0B,,,,0.0 bps,HalfDuplex or Unknown,2C768A82320B,,,,,,,Unknown,,,
dg-esxi-016.win.cccis.com,ServerEngines Corp. NC553m 10Gb 2-port FlexFabric Converged Network Adapter,2C:76:8A:82:32:0F,,,,0.0 bps,HalfDuplex or Unknown,2C768A82320F,,,,,,,Unknown,,,
dg-esxi-016.win.cccis.com,ServerEngines Corp. NC553i 10Gb 2-port FlexFabric Converged Network Adapter,44:1E:A1:50:29:93,,,,0.0 bps,HalfDuplex or Unknown,441EA1502993,,,,,,,Unknown,,,
dg-esxi-016.win.cccis.com,ServerEngines Corp. NC553i 10Gb 2-port FlexFabric Converged Network Adapter,44:1E:A1:50:29:97,,,,0.0 bps,HalfDuplex or Unknown,441EA1502997,,,,,,,Unknown,,,